day,count
 09 01,"	92"
 09 01,"	53"
 09 01,"	35"
 09 01,"	35"
 09 01,"	31"
 09 01,"	63"
 09 01,"	142"
 09 01,"	284"
 09 01,"	397"
 09 01,"	493"
 09 01,"	492"
 09 01,"	457"
 09 01,"	375"
 09 01,"	437"
 09 01,"	544"
 09 01,"	577"
 09 01,"	616"
 09 01,"	567"
 09 01,"	433"
 09 01,"	474"
 09 01,"	443"
 09 01,"	286"
 09 01,"	170"
 09 01,"	95"
 09 02,"	35"
 09 02,"	29"
 09 02,"	13"
 09 02,"	11"
 09 02,"	24"
 09 02,"	44"
 09 02,"	212"
 09 02,"	611"
 09 02,"	436"
 09 02,"	328"
 09 02,"	298"
 09 02,"	292"
 09 02,"	32"
 09 02,"	278"
 09 02,"	309"
 09 02,"	302"
 09 02,"	392"
 09 02,"	650"
 09 02,"	577"
 09 02,"	332"
 09 02,"	279"
 09 02,"	192"
 09 02,"	152"
 09 02,"	87"
 09 03,"	51"
 09 03,"	27"
 09 03,"	32"
 09 03,"	23"
 09 03,"	16"
 09 03,"	43"
 09 03,"	192"
 09 03,"	573"
 09 03,"	445"
 09 03,"	332"
 09 03,"	298"
 09 03,"	262"
 09 03,"	252"
 09 03,"	296"
 09 03,"	324"
 09 03,"	338"
 09 03,"	388"
 09 03,"	664"
 09 03,"	544"
 09 03,"	333"
 09 03,"	270"
 09 03,"	261"
 09 03,"	129"
 09 03,"	77"
 09 04,"	42"
 09 04,"	24"
 09 04,"	22"
 09 04,"	14"
 09 04,"	9"
 09 04,"	32"
 09 04,"	189"
 09 04,"	581"
 09 04,"	459"
 09 04,"	331"
 09 04,"	294"
 09 04,"	315"
 09 04,"	261"
 09 04,"	293"
 09 04,"	312"
 09 04,"	326"
 09 04,"	371"
 09 04,"	655"
 09 04,"	563"
 09 04,"	303"
 09 04,"	261"
 09 04,"	211"
 09 04,"	114"
 09 04,"	13"
 09 05,"	37"
 09 05,"	25"
 09 05,"	17"
 09 05,"	18"
 09 05,"	16"
 09 05,"	37"
 09 05,"	179"
 09 05,"	591"
 09 05,"	394"
 09 05,"	353"
 09 05,"	301"
 09 05,"	272"
 09 05,"	237"
 09 05,"	311"
 09 05,"	304"
 09 05,"	318"
 09 05,"	396"
 09 05,"	650"
 09 05,"	545"
 09 05,"	360"
 09 05,"	265"
 09 05,"	211"
 09 05,"	142"
 09 05,"	82"
 09 06,"	53"
 09 06,"	23"
 09 06,"	12"
 09 06,"	18"
 09 06,"	18"
 09 06,"	37"
 09 06,"	178"
 09 06,"	589"
 09 06,"	441"
 09 06,"	361"
 09 06,"	349"
 09 06,"	288"
 09 06,"	288"
 09 06,"	330"
 09 06,"	338"
 09 06,"	382"
 09 06,"	451"
 09 06,"	768"
 09 06,"	721"
 09 06,"	467"
 09 06,"	364"
 09 06,"	326"
 09 06,"	199"
 09 06,"	133"
 09 07,"	79"
 09 07,"	64"
 09 07,"	31"
 09 07,"	23"
 09 07,"	37"
 09 07,"	59"
 09 07,"	174"
 09 07,"	395"
 09 07,"	494"
 09 07,"	530"
 09 07,"	506"
 09 07,"	422"
 09 07,"	384"
 09 07,"	421"
 09 07,"	472"
 09 07,"	504"
 09 07,"	574"
 09 07,"	571"
 09 07,"	530"
 09 07,"	411"
 09 07,"	398"
 09 07,"	364"
 09 07,"	276"
 09 07,"	182"
 09 08,"	131"
 09 08,"	71"
 09 08,"	40"
 09 08,"	41"
 09 08,"	30"
 09 08,"	74"
 09 08,"	124"
 09 08,"	257"
 09 08,"	396"
 09 08,"	460"
 09 08,"	493"
 09 08,"	430"
 09 08,"	370"
 09 08,"	416"
 09 08,"	458"
 09 08,"	553"
 09 08,"	632"
 09 08,"	595"
 09 08,"	520"
 09 08,"	538"
 09 08,"	523"
 09 08,"	465"
 09 08,"	237"
 09 08,"	118"
 09 09,"	71"
 09 09,"	36"
 09 09,"	15"
 09 09,"	13"
 09 09,"	25"
 09 09,"	56"
 09 09,"	232"
 09 09,"	623"
 09 09,"	462"
 09 09,"	367"
 09 09,"	333"
 09 09,"	291"
 09 09,"	283"
 09 09,"	310"
 09 09,"	301"
 09 09,"	358"
 09 09,"	348"
 09 09,"	676"
 09 09,"	181"
 09 09,"	350"
 09 09,"	308"
 09 09,"	236"
 09 09,"	136"
 09 09,"	85"
 09 10,"	53"
 09 10,"	18"
 09 10,"	18"
 09 10,"	13"
 09 10,"	13"
 09 10,"	44"
 09 10,"	181"
 09 10,"	454"
 09 10,"	521"
 09 10,"	248"
 09 10,"	275"
 09 10,"	299"
 09 10,"	292"
 09 10,"	278"
 09 10,"	358"
 09 10,"	369"
 09 10,"	388"
 09 10,"	654"
 09 10,"	577"
 09 10,"	357"
 09 10,"	269"
 09 10,"	229"
 09 10,"	158"
 09 10,"	105"
 09 11,"	56"
 09 11,"	28"
 09 11,"	18"
 09 11,"	22"
 09 11,"	18"
 09 11,"	35"
 09 11,"	192"
 09 11,"	595"
 09 11,"	474"
 09 11,"	333"
 09 11,"	329"
 09 11,"	300"
 09 11,"	265"
 09 11,"	277"
 09 11,"	332"
 09 11,"	332"
 09 11,"	372"
 09 11,"	699"
 09 11,"	538"
 09 11,"	343"
 09 11,"	323"
 09 11,"	275"
 09 11,"	158"
 09 11,"	93"
 09 12,"	50"
 09 12,"	24"
 09 12,"	31"
 09 12,"	19"
 09 12,"	17"
 09 12,"	46"
 09 12,"	191"
 09 12,"	593"
 09 12,"	479"
 09 12,"	369"
 09 12,"	365"
 09 12,"	327"
 09 12,"	320"
 09 12,"	361"
 09 12,"	390"
 09 12,"	477"
 09 12,"	504"
 09 12,"	769"
 09 12,"	724"
 09 12,"	573"
 09 12,"	481"
 09 12,"	418"
 09 12,"	308"
 09 12,"	212"
 09 13,"	313"
 09 13,"	251"
 09 13,"	168"
 09 13,"	107"
 09 13,"	145"
 09 13,"	116"
 09 13,"	251"
 09 13,"	352"
 09 13,"	384"
 09 13,"	480"
 09 13,"	564"
 09 13,"	480"
 09 13,"	380"
 09 13,"	476"
 09 13,"	505"
 09 13,"	497"
 09 13,"	512"
 09 13,"	476"
 09 13,"	470"
 09 13,"	342"
 09 13,"	316"
 09 13,"	357"
 09 13,"	304"
 09 13,"	176"
 09 14,"	147"
 09 14,"	85"
 09 14,"	66"
 09 14,"	50"
 09 14,"	46"
 09 14,"	62"
 09 14,"	142"
 09 14,"	258"
 09 14,"	375"
 09 14,"	458"
 09 14,"	537"
 09 14,"	432"
 09 14,"	372"
 09 14,"	405"
 09 14,"	479"
 09 14,"	470"
 09 14,"	528"
 09 14,"	539"
 09 14,"	426"
 09 14,"	368"
 09 14,"	351"
 09 14,"	367"
 09 14,"	318"
 09 14,"	192"
 09 15,"	149"
 09 15,"	89"
 09 15,"	46"
 09 15,"	35"
 09 15,"	33"
 09 15,"	45"
 09 15,"	108"
 09 15,"	208"
 09 15,"	259"
 09 15,"	338"
 09 15,"	374"
 09 15,"	369"
 09 15,"	285"
 09 15,"	404"
 09 15,"	442"
 09 15,"	490"
 09 15,"	543"
 09 15,"	462"
 09 15,"	472"
 09 15,"	535"
 09 15,"	532"
 09 15,"	437"
 09 15,"	255"
 09 15,"	123"
 09 16,"	53"
 09 16,"	34"
 09 16,"	21"
 09 16,"	20"
 09 16,"	18"
 09 16,"	68"
 09 16,"	248"
 09 16,"	667"
 09 16,"	495"
 09 16,"	346"
 09 16,"	315"
 09 16,"	266"
 09 16,"	248"
 09 16,"	279"
 09 16,"	286"
 09 16,"	315"
 09 16,"	361"
 09 16,"	692"
 09 16,"	534"
 09 16,"	298"
 09 16,"	316"
 09 16,"	272"
 09 16,"	155"
 09 16,"	70"
 09 17,"	49"
 09 17,"	26"
 09 17,"	15"
 09 17,"	18"
 09 17,"	18"
 09 17,"	35"
 09 17,"	176"
 09 17,"	619"
 09 17,"	422"
 09 17,"	331"
 09 17,"	87"
 09 17,"	239"
 09 17,"	264"
 09 17,"	261"
 09 17,"	313"
 09 17,"	321"
 09 17,"	377"
 09 17,"	724"
 09 17,"	525"
 09 17,"	322"
 09 17,"	288"
 09 17,"	253"
 09 17,"	139"
 09 17,"	82"
 09 18,"	48"
 09 18,"	30"
 09 18,"	16"
 09 18,"	17"
 09 18,"	11"
 09 18,"	30"
 09 18,"	180"
 09 18,"	614"
 09 18,"	447"
 09 18,"	321"
 09 18,"	298"
 09 18,"	284"
 09 18,"	254"
 09 18,"	283"
 09 18,"	259"
 09 18,"	317"
 09 18,"	388"
 09 18,"	709"
 09 18,"	596"
 09 18,"	294"
 09 18,"	254"
 09 18,"	244"
 09 18,"	138"
 09 18,"	54"
 09 19,"	43"
 09 19,"	32"
 09 19,"	21"
 09 19,"	18"
 09 19,"	20"
 09 19,"	40"
 09 19,"	178"
 09 19,"	597"
 09 19,"	431"
 09 19,"	342"
 09 19,"	315"
 09 19,"	227"
 09 19,"	235"
 09 19,"	265"
 09 19,"	296"
 09 19,"	298"
 09 19,"	382"
 09 19,"	679"
 09 19,"	531"
 09 19,"	308"
 09 19,"	288"
 09 19,"	195"
 09 19,"	147"
 09 19,"	59"
 09 20,"	58"
 09 20,"	33"
 09 20,"	16"
 09 20,"	18"
 09 20,"	20"
 09 20,"	37"
 09 20,"	187"
 09 20,"	591"
 09 20,"	483"
 09 20,"	371"
 09 20,"	282"
 09 20,"	275"
 09 20,"	285"
 09 20,"	299"
 09 20,"	137"
 09 20,"	363"
 09 20,"	467"
 09 20,"	784"
 09 20,"	691"
 09 20,"	470"
 09 20,"	371"
 09 20,"	343"
 09 20,"	205"
 09 20,"	107"
 09 21,"	82"
 09 21,"	36"
 09 21,"	31"
 09 21,"	26"
 09 21,"	20"
 09 21,"	71"
 09 21,"	170"
 09 21,"	425"
 09 21,"	479"
 09 21,"	443"
 09 21,"	464"
 09 21,"	390"
 09 21,"	339"
 09 21,"	407"
 09 21,"	446"
 09 21,"	425"
 09 21,"	113"
 09 21,"	605"
 09 21,"	426"
 09 21,"	388"
 09 21,"	371"
 09 21,"	351"
 09 21,"	211"
 09 21,"	157"
 09 01,"	22"
 09 01,"	14"
 09 01,"	8"
 09 01,"	15"
 09 01,"	28"
 09 01,"	40"
 09 01,"	39"
 09 01,"	94"
 09 01,"	103"
 09 01,"	145"
 09 01,"	125"
 09 01,"	107"
 09 01,"	98"
 09 01,"	136"
 09 01,"	129"
 09 01,"	164"
 09 01,"	149"
 09 01,"	132"
 09 01,"	108"
 09 01,"	106"
 09 01,"	97"
 09 01,"	64"
 09 01,"	19"
 09 01,"	21"
 09 02,"	11"
 09 02,"	5"
 09 02,"	7"
 09 02,"	6"
 09 02,"	14"
 09 02,"	29"
 09 02,"	73"
 09 02,"	209"
 09 02,"	213"
 09 02,"	177"
 09 02,"	192"
 09 02,"	150"
 09 02,"	17"
 09 02,"	176"
 09 02,"	193"
 09 02,"	212"
 09 02,"	212"
 09 02,"	249"
 09 02,"	153"
 09 02,"	72"
 09 02,"	76"
 09 02,"	53"
 09 02,"	35"
 09 02,"	21"
 09 03,"	6"
 09 03,"	9"
 09 03,"	14"
 09 03,"	13"
 09 03,"	24"
 09 03,"	26"
 09 03,"	74"
 09 03,"	216"
 09 03,"	238"
 09 03,"	200"
 09 03,"	215"
 09 03,"	176"
 09 03,"	142"
 09 03,"	180"
 09 03,"	207"
 09 03,"	216"
 09 03,"	228"
 09 03,"	276"
 09 03,"	135"
 09 03,"	89"
 09 03,"	69"
 09 03,"	56"
 09 03,"	24"
 09 03,"	16"
 09 04,"	15"
 09 04,"	10"
 09 04,"	11"
 09 04,"	7"
 09 04,"	15"
 09 04,"	29"
 09 04,"	65"
 09 04,"	200"
 09 04,"	198"
 09 04,"	211"
 09 04,"	180"
 09 04,"	176"
 09 04,"	172"
 09 04,"	184"
 09 04,"	203"
 09 04,"	210"
 09 04,"	213"
 09 04,"	248"
 09 04,"	169"
 09 04,"	87"
 09 04,"	73"
 09 04,"	37"
 09 04,"	33"
 09 04,"	6"
 09 05,"	12"
 09 05,"	8"
 09 05,"	6"
 09 05,"	7"
 09 05,"	15"
 09 05,"	27"
 09 05,"	67"
 09 05,"	194"
 09 05,"	212"
 09 05,"	218"
 09 05,"	169"
 09 05,"	157"
 09 05,"	122"
 09 05,"	170"
 09 05,"	216"
 09 05,"	226"
 09 05,"	214"
 09 05,"	277"
 09 05,"	151"
 09 05,"	92"
 09 05,"	60"
 09 05,"	56"
 09 05,"	30"
 09 05,"	19"
 09 06,"	6"
 09 06,"	6"
 09 06,"	9"
 09 06,"	13"
 09 06,"	11"
 09 06,"	38"
 09 06,"	63"
 09 06,"	223"
 09 06,"	226"
 09 06,"	198"
 09 06,"	214"
 09 06,"	180"
 09 06,"	145"
 09 06,"	205"
 09 06,"	217"
 09 06,"	224"
 09 06,"	252"
 09 06,"	303"
 09 06,"	192"
 09 06,"	138"
 09 06,"	74"
 09 06,"	90"
 09 06,"	48"
 09 06,"	23"
 09 07,"	16"
 09 07,"	13"
 09 07,"	8"
 09 07,"	18"
 09 07,"	25"
 09 07,"	43"
 09 07,"	61"
 09 07,"	150"
 09 07,"	180"
 09 07,"	165"
 09 07,"	131"
 09 07,"	138"
 09 07,"	122"
 09 07,"	139"
 09 07,"	147"
 09 07,"	183"
 09 07,"	161"
 09 07,"	204"
 09 07,"	124"
 09 07,"	87"
 09 07,"	78"
 09 07,"	78"
 09 07,"	42"
 09 07,"	39"
 09 08,"	24"
 09 08,"	8"
 09 08,"	12"
 09 08,"	11"
 09 08,"	24"
 09 08,"	41"
 09 08,"	46"
 09 08,"	94"
 09 08,"	101"
 09 08,"	135"
 09 08,"	140"
 09 08,"	111"
 09 08,"	112"
 09 08,"	114"
 09 08,"	121"
 09 08,"	140"
 09 08,"	133"
 09 08,"	138"
 09 08,"	112"
 09 08,"	140"
 09 08,"	117"
 09 08,"	77"
 09 08,"	48"
 09 08,"	24"
 09 09,"	10"
 09 09,"	4"
 09 09,"	4"
 09 09,"	10"
 09 09,"	14"
 09 09,"	22"
 09 09,"	71"
 09 09,"	197"
 09 09,"	215"
 09 09,"	194"
 09 09,"	189"
 09 09,"	201"
 09 09,"	138"
 09 09,"	166"
 09 09,"	188"
 09 09,"	226"
 09 09,"	244"
 09 09,"	255"
 09 09,"	51"
 09 09,"	108"
 09 09,"	58"
 09 09,"	46"
 09 09,"	31"
 09 09,"	21"
 09 10,"	7"
 09 10,"	5"
 09 10,"	8"
 09 10,"	14"
 09 10,"	17"
 09 10,"	29"
 09 10,"	66"
 09 10,"	158"
 09 10,"	246"
 09 10,"	166"
 09 10,"	162"
 09 10,"	146"
 09 10,"	148"
 09 10,"	184"
 09 10,"	211"
 09 10,"	233"
 09 10,"	247"
 09 10,"	254"
 09 10,"	182"
 09 10,"	95"
 09 10,"	63"
 09 10,"	58"
 09 10,"	38"
 09 10,"	26"
 09 11,"	5"
 09 11,"	8"
 09 11,"	8"
 09 11,"	9"
 09 11,"	19"
 09 11,"	29"
 09 11,"	66"
 09 11,"	201"
 09 11,"	243"
 09 11,"	213"
 09 11,"	199"
 09 11,"	192"
 09 11,"	140"
 09 11,"	176"
 09 11,"	214"
 09 11,"	238"
 09 11,"	220"
 09 11,"	278"
 09 11,"	200"
 09 11,"	82"
 09 11,"	63"
 09 11,"	55"
 09 11,"	31"
 09 11,"	18"
 09 12,"	20"
 09 12,"	10"
 09 12,"	10"
 09 12,"	9"
 09 12,"	20"
 09 12,"	33"
 09 12,"	71"
 09 12,"	191"
 09 12,"	254"
 09 12,"	198"
 09 12,"	204"
 09 12,"	187"
 09 12,"	177"
 09 12,"	180"
 09 12,"	236"
 09 12,"	245"
 09 12,"	245"
 09 12,"	267"
 09 12,"	189"
 09 12,"	143"
 09 12,"	103"
 09 12,"	82"
 09 12,"	77"
 09 12,"	52"
 09 13,"	54"
 09 13,"	47"
 09 13,"	28"
 09 13,"	31"
 09 13,"	40"
 09 13,"	50"
 09 13,"	69"
 09 13,"	131"
 09 13,"	132"
 09 13,"	132"
 09 13,"	143"
 09 13,"	125"
 09 13,"	120"
 09 13,"	137"
 09 13,"	133"
 09 13,"	139"
 09 13,"	148"
 09 13,"	133"
 09 13,"	103"
 09 13,"	67"
 09 13,"	71"
 09 13,"	79"
 09 13,"	67"
 09 13,"	40"
 09 14,"	19"
 09 14,"	11"
 09 14,"	10"
 09 14,"	11"
 09 14,"	12"
 09 14,"	44"
 09 14,"	36"
 09 14,"	88"
 09 14,"	109"
 09 14,"	117"
 09 14,"	114"
 09 14,"	94"
 09 14,"	90"
 09 14,"	141"
 09 14,"	124"
 09 14,"	123"
 09 14,"	120"
 09 14,"	108"
 09 14,"	99"
 09 14,"	67"
 09 14,"	72"
 09 14,"	73"
 09 14,"	60"
 09 14,"	40"
 09 15,"	23"
 09 15,"	15"
 09 15,"	6"
 09 15,"	9"
 09 15,"	18"
 09 15,"	22"
 09 15,"	36"
 09 15,"	55"
 09 15,"	86"
 09 15,"	88"
 09 15,"	78"
 09 15,"	87"
 09 15,"	89"
 09 15,"	107"
 09 15,"	116"
 09 15,"	139"
 09 15,"	122"
 09 15,"	110"
 09 15,"	95"
 09 15,"	115"
 09 15,"	124"
 09 15,"	118"
 09 15,"	51"
 09 15,"	20"
 09 16,"	14"
 09 16,"	5"
 09 16,"	11"
 09 16,"	7"
 09 16,"	12"
 09 16,"	23"
 09 16,"	66"
 09 16,"	213"
 09 16,"	216"
 09 16,"	188"
 09 16,"	189"
 09 16,"	156"
 09 16,"	127"
 09 16,"	166"
 09 16,"	208"
 09 16,"	218"
 09 16,"	228"
 09 16,"	249"
 09 16,"	152"
 09 16,"	105"
 09 16,"	67"
 09 16,"	41"
 09 16,"	29"
 09 16,"	20"
 09 17,"	9"
 09 17,"	7"
 09 17,"	5"
 09 17,"	9"
 09 17,"	19"
 09 17,"	30"
 09 17,"	62"
 09 17,"	225"
 09 17,"	220"
 09 17,"	207"
 09 17,"	59"
 09 17,"	161"
 09 17,"	119"
 09 17,"	170"
 09 17,"	174"
 09 17,"	214"
 09 17,"	235"
 09 17,"	279"
 09 17,"	154"
 09 17,"	87"
 09 17,"	63"
 09 17,"	56"
 09 17,"	32"
 09 17,"	23"
 09 18,"	7"
 09 18,"	3"
 09 18,"	7"
 09 18,"	11"
 09 18,"	12"
 09 18,"	33"
 09 18,"	59"
 09 18,"	210"
 09 18,"	234"
 09 18,"	203"
 09 18,"	192"
 09 18,"	160"
 09 18,"	135"
 09 18,"	158"
 09 18,"	206"
 09 18,"	204"
 09 18,"	235"
 09 18,"	284"
 09 18,"	149"
 09 18,"	85"
 09 18,"	48"
 09 18,"	40"
 09 18,"	33"
 09 18,"	20"
 09 19,"	21"
 09 19,"	14"
 09 19,"	7"
 09 19,"	11"
 09 19,"	9"
 09 19,"	27"
 09 19,"	48"
 09 19,"	224"
 09 19,"	208"
 09 19,"	213"
 09 19,"	184"
 09 19,"	156"
 09 19,"	115"
 09 19,"	169"
 09 19,"	186"
 09 19,"	210"
 09 19,"	232"
 09 19,"	233"
 09 19,"	143"
 09 19,"	89"
 09 19,"	70"
 09 19,"	53"
 09 19,"	30"
 09 19,"	21"
 09 20,"	13"
 09 20,"	7"
 09 20,"	6"
 09 20,"	11"
 09 20,"	16"
 09 20,"	29"
 09 20,"	74"
 09 20,"	205"
 09 20,"	211"
 09 20,"	199"
 09 20,"	189"
 09 20,"	168"
 09 20,"	138"
 09 20,"	195"
 09 20,"	101"
 09 20,"	225"
 09 20,"	259"
 09 20,"	285"
 09 20,"	195"
 09 20,"	97"
 09 20,"	84"
 09 20,"	93"
 09 20,"	40"
 09 20,"	22"
 09 21,"	18"
 09 21,"	11"
 09 21,"	11"
 09 21,"	12"
 09 21,"	21"
 09 21,"	42"
 09 21,"	66"
 09 21,"	165"
 09 21,"	165"
 09 21,"	148"
 09 21,"	138"
 09 21,"	125"
 09 21,"	111"
 09 21,"	149"
 09 21,"	139"
 09 21,"	136"
 09 21,"	38"
 09 21,"	217"
 09 21,"	115"
 09 21,"	86"
 09 21,"	71"
 09 21,"	73"
 09 21,"	53"
 09 21,"	26"
 09 01,"	1"
 09 01,"	2"
 09 01,"	3"
 09 01,"	4"
 09 01,"	20"
 09 01,"	1"
 09 01,"	2"
 09 01,"	3"
 09 01,"	3"
 09 01,"	3"
 09 01,"	1"
 09 01,"	1"
 09 01,"	6"
 09 01,"	3"
 09 01,"	4"
 09 01,"	2"
 09 01,"	2"
 09 01,"	5"
 09 01,"	2"
 09 01,"	2"
 09 01,"	1"
 09 02,"	3"
 09 02,"	5"
 09 02,"	11"
 09 02,"	3"
 09 02,"	1"
 09 02,"	1"
 09 02,"	1"
 09 02,"	3"
 09 02,"	2"
 09 02,"	2"
 09 02,"	3"
 09 02,"	6"
 09 02,"	4"
 09 02,"	1"
 09 02,"	1"
 09 03,"	3"
 09 03,"	9"
 09 03,"	6"
 09 03,"	1"
 09 03,"	2"
 09 03,"	2"
 09 03,"	3"
 09 03,"	2"
 09 03,"	1"
 09 03,"	3"
 09 03,"	2"
 09 03,"	7"
 09 03,"	5"
 09 03,"	3"
 09 03,"	3"
 09 03,"	1"
 09 04,"	1"
 09 04,"	2"
 09 04,"	6"
 09 04,"	6"
 09 04,"	1"
 09 04,"	1"
 09 04,"	2"
 09 04,"	1"
 09 04,"	3"
 09 04,"	4"
 09 04,"	1"
 09 04,"	4"
 09 04,"	3"
 09 04,"	4"
 09 04,"	1"
 09 05,"	3"
 09 05,"	5"
 09 05,"	12"
 09 05,"	1"
 09 05,"	1"
 09 05,"	1"
 09 05,"	5"
 09 05,"	2"
 09 05,"	2"
 09 05,"	2"
 09 05,"	1"
 09 05,"	6"
 09 05,"	2"
 09 05,"	1"
 09 05,"	1"
 09 06,"	3"
 09 06,"	7"
 09 06,"	7"
 09 06,"	1"
 09 06,"	1"
 09 06,"	1"
 09 06,"	2"
 09 06,"	4"
 09 06,"	1"
 09 06,"	4"
 09 06,"	6"
 09 06,"	6"
 09 06,"	1"
 09 06,"	1"
 09 06,"	1"
 09 07,"	1"
 09 07,"	1"
 09 07,"	4"
 09 07,"	40"
 09 07,"	8"
 09 07,"	1"
 09 07,"	2"
 09 07,"	2"
 09 07,"	1"
 09 07,"	11"
 09 07,"	1"
 09 07,"	7"
 09 07,"	2"
 09 07,"	6"
 09 07,"	3"
 09 07,"	1"
 09 08,"	1"
 09 08,"	4"
 09 08,"	7"
 09 08,"	22"
 09 08,"	3"
 09 08,"	2"
 09 08,"	2"
 09 08,"	3"
 09 08,"	3"
 09 08,"	2"
 09 08,"	5"
 09 08,"	4"
 09 08,"	6"
 09 08,"	3"
 09 08,"	14"
 09 08,"	7"
 09 08,"	6"
 09 08,"	1"
 09 09,"	2"
 09 09,"	2"
 09 09,"	4"
 09 09,"	4"
 09 09,"	13"
 09 09,"	2"
 09 09,"	1"
 09 09,"	2"
 09 09,"	1"
 09 09,"	2"
 09 09,"	1"
 09 09,"	2"
 09 09,"	4"
 09 09,"	1"
 09 09,"	4"
 09 09,"	1"
 09 09,"	1"
 09 10,"	2"
 09 10,"	8"
 09 10,"	8"
 09 10,"	2"
 09 10,"	3"
 09 10,"	3"
 09 10,"	1"
 09 10,"	1"
 09 10,"	3"
 09 10,"	2"
 09 10,"	4"
 09 10,"	2"
 09 10,"	1"
 09 11,"	1"
 09 11,"	3"
 09 11,"	4"
 09 11,"	14"
 09 11,"	6"
 09 11,"	1"
 09 11,"	1"
 09 11,"	2"
 09 11,"	2"
 09 11,"	4"
 09 11,"	1"
 09 11,"	1"
 09 12,"	2"
 09 12,"	5"
 09 12,"	11"
 09 12,"	1"
 09 12,"	1"
 09 12,"	1"
 09 12,"	8"
 09 12,"	4"
 09 12,"	1"
 09 12,"	2"
 09 12,"	3"
 09 12,"	5"
 09 12,"	4"
 09 12,"	1"
 09 12,"	3"
 09 13,"	11"
 09 13,"	4"
 09 13,"	8"
 09 13,"	6"
 09 13,"	8"
 09 13,"	1"
 09 13,"	6"
 09 13,"	2"
 09 13,"	3"
 09 13,"	4"
 09 13,"	2"
 09 13,"	1"
 09 13,"	1"
 09 13,"	1"
 09 14,"	5"
 09 14,"	1"
 09 14,"	4"
 09 14,"	2"
 09 14,"	5"
 09 14,"	2"
 09 14,"	9"
 09 14,"	9"
 09 14,"	2"
 09 14,"	4"
 09 14,"	3"
 09 14,"	2"
 09 14,"	1"
 09 14,"	1"
 09 14,"	1"
 09 14,"	3"
 09 15,"	3"
 09 15,"	4"
 09 15,"	3"
 09 15,"	2"
 09 15,"	15"
 09 15,"	2"
 09 15,"	2"
 09 15,"	1"
 09 15,"	1"
 09 15,"	1"
 09 15,"	1"
 09 15,"	15"
 09 15,"	8"
 09 15,"	4"
 09 15,"	1"
 09 16,"	3"
 09 16,"	4"
 09 16,"	6"
 09 16,"	9"
 09 16,"	1"
 09 16,"	1"
 09 16,"	4"
 09 16,"	4"
 09 16,"	3"
 09 16,"	3"
 09 16,"	3"
 09 16,"	1"
 09 16,"	4"
 09 16,"	1"
 09 16,"	1"
 09 17,"	1"
 09 17,"	1"
 09 17,"	4"
 09 17,"	10"
 09 17,"	8"
 09 17,"	3"
 09 17,"	1"
 09 17,"	1"
 09 17,"	1"
 09 17,"	2"
 09 17,"	1"
 09 17,"	1"
 09 17,"	3"
 09 17,"	3"
 09 17,"	5"
 09 17,"	2"
 09 17,"	2"
 09 17,"	1"
 09 17,"	1"
 09 18,"	1"
 09 18,"	3"
 09 18,"	6"
 09 18,"	6"
 09 18,"	2"
 09 18,"	3"
 09 18,"	1"
 09 18,"	2"
 09 18,"	1"
 09 18,"	3"
 09 18,"	5"
 09 18,"	4"
 09 18,"	1"
 09 18,"	1"
 09 18,"	1"
 09 18,"	1"
 09 19,"	1"
 09 19,"	3"
 09 19,"	5"
 09 19,"	12"
 09 19,"	1"
 09 19,"	3"
 09 19,"	2"
 09 19,"	5"
 09 19,"	1"
 09 19,"	2"
 09 19,"	3"
 09 19,"	2"
 09 19,"	3"
 09 19,"	3"
 09 19,"	1"
 09 19,"	1"
 09 20,"	2"
 09 20,"	8"
 09 20,"	8"
 09 20,"	1"
 09 20,"	2"
 09 20,"	1"
 09 20,"	1"
 09 20,"	1"
 09 20,"	4"
 09 20,"	9"
 09 20,"	7"
 09 20,"	4"
 09 20,"	2"
 09 20,"	2"
 09 20,"	2"
 09 20,"	1"
 09 21,"	4"
 09 21,"	8"
 09 21,"	27"
 09 21,"	10"
 09 21,"	2"
 09 21,"	2"
 09 21,"	3"
 09 21,"	1"
 09 21,"	7"
 09 21,"	1"
 09 21,"	4"
 09 21,"	7"
 09 21,"	6"
 09 01,"	7"
 09 01,"	5"
 09 01,"	3"
 09 01,"	4"
 09 01,"	5"
 09 01,"	13"
 09 01,"	8"
 09 01,"	8"
 09 01,"	8"
 09 01,"	3"
 09 01,"	8"
 09 01,"	11"
 09 01,"	3"
 09 01,"	4"
 09 01,"	6"
 09 01,"	7"
 09 01,"	6"
 09 01,"	2"
 09 01,"	3"
 09 01,"	2"
 09 01,"	4"
 09 02,"	3"
 09 02,"	4"
 09 02,"	1"
 09 02,"	4"
 09 02,"	13"
 09 02,"	20"
 09 02,"	14"
 09 02,"	73"
 09 02,"	40"
 09 02,"	71"
 09 02,"	80"
 09 02,"	88"
 09 02,"	10"
 09 02,"	72"
 09 02,"	64"
 09 02,"	69"
 09 02,"	62"
 09 02,"	41"
 09 02,"	28"
 09 02,"	6"
 09 02,"	4"
 09 02,"	15"
 09 02,"	16"
 09 02,"	8"
 09 03,"	21"
 09 03,"	15"
 09 03,"	10"
 09 03,"	10"
 09 03,"	18"
 09 03,"	19"
 09 03,"	26"
 09 03,"	69"
 09 03,"	65"
 09 03,"	66"
 09 03,"	67"
 09 03,"	66"
 09 03,"	59"
 09 03,"	78"
 09 03,"	72"
 09 03,"	76"
 09 03,"	69"
 09 03,"	35"
 09 03,"	17"
 09 03,"	8"
 09 03,"	1"
 09 03,"	20"
 09 03,"	6"
 09 04,"	11"
 09 04,"	9"
 09 04,"	10"
 09 04,"	6"
 09 04,"	15"
 09 04,"	23"
 09 04,"	29"
 09 04,"	82"
 09 04,"	59"
 09 04,"	71"
 09 04,"	80"
 09 04,"	90"
 09 04,"	50"
 09 04,"	47"
 09 04,"	71"
 09 04,"	66"
 09 04,"	55"
 09 04,"	34"
 09 04,"	24"
 09 04,"	7"
 09 04,"	2"
 09 04,"	12"
 09 04,"	5"
 09 04,"	1"
 09 05,"	16"
 09 05,"	6"
 09 05,"	6"
 09 05,"	5"
 09 05,"	16"
 09 05,"	20"
 09 05,"	23"
 09 05,"	74"
 09 05,"	56"
 09 05,"	77"
 09 05,"	69"
 09 05,"	65"
 09 05,"	48"
 09 05,"	57"
 09 05,"	74"
 09 05,"	64"
 09 05,"	39"
 09 05,"	30"
 09 05,"	24"
 09 05,"	6"
 09 05,"	25"
 09 05,"	3"
 09 05,"	10"
 09 05,"	9"
 09 06,"	8"
 09 06,"	8"
 09 06,"	9"
 09 06,"	6"
 09 06,"	14"
 09 06,"	20"
 09 06,"	24"
 09 06,"	74"
 09 06,"	50"
 09 06,"	73"
 09 06,"	83"
 09 06,"	59"
 09 06,"	73"
 09 06,"	62"
 09 06,"	55"
 09 06,"	49"
 09 06,"	50"
 09 06,"	34"
 09 06,"	22"
 09 06,"	10"
 09 06,"	15"
 09 06,"	6"
 09 06,"	4"
 09 06,"	11"
 09 07,"	6"
 09 07,"	9"
 09 07,"	5"
 09 07,"	4"
 09 07,"	11"
 09 07,"	12"
 09 07,"	12"
 09 07,"	49"
 09 07,"	27"
 09 07,"	21"
 09 07,"	24"
 09 07,"	23"
 09 07,"	13"
 09 07,"	46"
 09 07,"	14"
 09 07,"	27"
 09 07,"	28"
 09 07,"	18"
 09 07,"	9"
 09 07,"	10"
 09 07,"	16"
 09 07,"	3"
 09 07,"	5"
 09 07,"	4"
 09 08,"	1"
 09 08,"	2"
 09 08,"	2"
 09 08,"	1"
 09 08,"	3"
 09 08,"	6"
 09 08,"	2"
 09 08,"	9"
 09 08,"	4"
 09 08,"	6"
 09 08,"	6"
 09 08,"	8"
 09 08,"	3"
 09 08,"	5"
 09 08,"	5"
 09 08,"	4"
 09 08,"	2"
 09 08,"	5"
 09 08,"	3"
 09 08,"	3"
 09 08,"	3"
 09 08,"	3"
 09 08,"	3"
 09 08,"	2"
 09 09,"	7"
 09 09,"	3"
 09 09,"	1"
 09 09,"	16"
 09 09,"	18"
 09 09,"	17"
 09 09,"	39"
 09 09,"	53"
 09 09,"	68"
 09 09,"	64"
 09 09,"	96"
 09 09,"	60"
 09 09,"	77"
 09 09,"	61"
 09 09,"	67"
 09 09,"	64"
 09 09,"	39"
 09 09,"	8"
 09 09,"	13"
 09 09,"	24"
 09 09,"	5"
 09 09,"	11"
 09 09,"	12"
 09 10,"	16"
 09 10,"	9"
 09 10,"	9"
 09 10,"	4"
 09 10,"	16"
 09 10,"	24"
 09 10,"	21"
 09 10,"	41"
 09 10,"	67"
 09 10,"	52"
 09 10,"	51"
 09 10,"	56"
 09 10,"	56"
 09 10,"	60"
 09 10,"	87"
 09 10,"	68"
 09 10,"	66"
 09 10,"	40"
 09 10,"	15"
 09 10,"	10"
 09 10,"	15"
 09 10,"	11"
 09 10,"	8"
 09 10,"	12"
 09 11,"	21"
 09 11,"	5"
 09 11,"	5"
 09 11,"	2"
 09 11,"	25"
 09 11,"	19"
 09 11,"	25"
 09 11,"	69"
 09 11,"	62"
 09 11,"	70"
 09 11,"	75"
 09 11,"	64"
 09 11,"	71"
 09 11,"	62"
 09 11,"	70"
 09 11,"	53"
 09 11,"	59"
 09 11,"	33"
 09 11,"	22"
 09 11,"	14"
 09 11,"	15"
 09 11,"	13"
 09 11,"	11"
 09 11,"	14"
 09 12,"	18"
 09 12,"	6"
 09 12,"	8"
 09 12,"	5"
 09 12,"	19"
 09 12,"	22"
 09 12,"	23"
 09 12,"	77"
 09 12,"	65"
 09 12,"	58"
 09 12,"	73"
 09 12,"	68"
 09 12,"	49"
 09 12,"	62"
 09 12,"	69"
 09 12,"	67"
 09 12,"	52"
 09 12,"	22"
 09 12,"	21"
 09 12,"	12"
 09 12,"	16"
 09 12,"	6"
 09 12,"	4"
 09 12,"	15"
 09 13,"	16"
 09 13,"	19"
 09 13,"	19"
 09 13,"	9"
 09 13,"	12"
 09 13,"	10"
 09 13,"	15"
 09 13,"	28"
 09 13,"	6"
 09 13,"	21"
 09 13,"	9"
 09 13,"	24"
 09 13,"	18"
 09 13,"	18"
 09 13,"	15"
 09 13,"	9"
 09 13,"	21"
 09 13,"	14"
 09 13,"	7"
 09 13,"	4"
 09 13,"	14"
 09 13,"	2"
 09 13,"	7"
 09 13,"	5"
 09 14,"	3"
 09 14,"	1"
 09 14,"	1"
 09 14,"	5"
 09 14,"	5"
 09 14,"	8"
 09 14,"	31"
 09 14,"	11"
 09 14,"	8"
 09 14,"	22"
 09 14,"	25"
 09 14,"	16"
 09 14,"	12"
 09 14,"	6"
 09 14,"	8"
 09 14,"	5"
 09 14,"	9"
 09 14,"	11"
 09 14,"	3"
 09 14,"	13"
 09 14,"	2"
 09 14,"	7"
 09 14,"	7"
 09 15,"	3"
 09 15,"	2"
 09 15,"	2"
 09 15,"	1"
 09 15,"	3"
 09 15,"	5"
 09 15,"	9"
 09 15,"	5"
 09 15,"	6"
 09 15,"	6"
 09 15,"	2"
 09 15,"	9"
 09 15,"	2"
 09 15,"	5"
 09 15,"	6"
 09 15,"	5"
 09 15,"	4"
 09 15,"	6"
 09 15,"	3"
 09 15,"	1"
 09 15,"	1"
 09 15,"	2"
 09 16,"	4"
 09 16,"	2"
 09 16,"	2"
 09 16,"	1"
 09 16,"	13"
 09 16,"	21"
 09 16,"	23"
 09 16,"	65"
 09 16,"	42"
 09 16,"	63"
 09 16,"	88"
 09 16,"	55"
 09 16,"	69"
 09 16,"	60"
 09 16,"	56"
 09 16,"	52"
 09 16,"	49"
 09 16,"	25"
 09 16,"	31"
 09 16,"	15"
 09 16,"	13"
 09 16,"	15"
 09 16,"	14"
 09 16,"	16"
 09 17,"	11"
 09 17,"	7"
 09 17,"	9"
 09 17,"	7"
 09 17,"	17"
 09 17,"	22"
 09 17,"	25"
 09 17,"	75"
 09 17,"	68"
 09 17,"	78"
 09 17,"	19"
 09 17,"	64"
 09 17,"	55"
 09 17,"	73"
 09 17,"	65"
 09 17,"	64"
 09 17,"	59"
 09 17,"	41"
 09 17,"	16"
 09 17,"	13"
 09 17,"	19"
 09 17,"	8"
 09 17,"	10"
 09 17,"	13"
 09 18,"	14"
 09 18,"	7"
 09 18,"	5"
 09 18,"	4"
 09 18,"	20"
 09 18,"	23"
 09 18,"	26"
 09 18,"	76"
 09 18,"	64"
 09 18,"	64"
 09 18,"	67"
 09 18,"	65"
 09 18,"	61"
 09 18,"	74"
 09 18,"	68"
 09 18,"	66"
 09 18,"	58"
 09 18,"	43"
 09 18,"	19"
 09 18,"	10"
 09 18,"	21"
 09 18,"	7"
 09 18,"	12"
 09 18,"	14"
 09 19,"	11"
 09 19,"	2"
 09 19,"	8"
 09 19,"	3"
 09 19,"	14"
 09 19,"	22"
 09 19,"	22"
 09 19,"	74"
 09 19,"	62"
 09 19,"	55"
 09 19,"	94"
 09 19,"	68"
 09 19,"	57"
 09 19,"	64"
 09 19,"	73"
 09 19,"	59"
 09 19,"	50"
 09 19,"	44"
 09 19,"	19"
 09 19,"	7"
 09 19,"	22"
 09 19,"	10"
 09 19,"	12"
 09 19,"	7"
 09 20,"	10"
 09 20,"	1"
 09 20,"	5"
 09 20,"	4"
 09 20,"	13"
 09 20,"	20"
 09 20,"	24"
 09 20,"	73"
 09 20,"	55"
 09 20,"	55"
 09 20,"	67"
 09 20,"	68"
 09 20,"	39"
 09 20,"	77"
 09 20,"	41"
 09 20,"	54"
 09 20,"	63"
 09 20,"	44"
 09 20,"	17"
 09 20,"	11"
 09 20,"	14"
 09 20,"	8"
 09 20,"	6"
 09 20,"	9"
 09 21,"	11"
 09 21,"	3"
 09 21,"	3"
 09 21,"	4"
 09 21,"	9"
 09 21,"	10"
 09 21,"	11"
 09 21,"	45"
 09 21,"	25"
 09 21,"	28"
 09 21,"	23"
 09 21,"	21"
 09 21,"	48"
 09 21,"	22"
 09 21,"	24"
 09 21,"	19"
 09 21,"	3"
 09 21,"	10"
 09 21,"	14"
 09 21,"	6"
 09 21,"	19"
 09 21,"	3"
 09 21,"	5"
 09 21,"	5"
09 01 ,1
09 01 ,2
09 01 ,2
09 01 ,2
09 01 ,1
09 01 ,6
09 01 ,4
09 01 ,10
09 01 ,20
09 01 ,11
09 01 ,13
09 01 ,6
09 01 ,9
09 01 ,6
09 01 ,10
09 01 ,10
09 01 ,4
09 01 ,2
09 01 ,7
09 01 ,7
09 01 ,7
09 01 ,2
09 01 ,4
09 02 ,2
09 02 ,4
09 02 ,6
09 02 ,11
09 02 ,16
09 02 ,41
09 02 ,56
09 02 ,62
09 02 ,84
09 02 ,64
09 02 ,90
09 02 ,19
09 02 ,51
09 02 ,81
09 02 ,50
09 02 ,49
09 02 ,38
09 02 ,28
09 02 ,21
09 02 ,16
09 02 ,8
09 02 ,14
09 02 ,9
09 03 ,10
09 03 ,7
09 03 ,7
09 03 ,10
09 03 ,14
09 03 ,16
09 03 ,50
09 03 ,59
09 03 ,66
09 03 ,89
09 03 ,99
09 03 ,63
09 03 ,94
09 03 ,39
09 03 ,65
09 03 ,51
09 03 ,58
09 03 ,28
09 03 ,20
09 03 ,21
09 03 ,13
09 03 ,9
09 03 ,8
09 03 ,5
09 04 ,3
09 04 ,5
09 04 ,7
09 04 ,6
09 04 ,18
09 04 ,19
09 04 ,48
09 04 ,61
09 04 ,59
09 04 ,91
09 04 ,70
09 04 ,96
09 04 ,86
09 04 ,50
09 04 ,73
09 04 ,59
09 04 ,46
09 04 ,44
09 04 ,29
09 04 ,24
09 04 ,25
09 04 ,4
09 04 ,7
09 05 ,6
09 05 ,7
09 05 ,8
09 05 ,11
09 05 ,17
09 05 ,24
09 05 ,45
09 05 ,64
09 05 ,57
09 05 ,92
09 05 ,61
09 05 ,93
09 05 ,104
09 05 ,56
09 05 ,92
09 05 ,78
09 05 ,48
09 05 ,38
09 05 ,29
09 05 ,15
09 05 ,17
09 05 ,12
09 05 ,9
09 05 ,7
09 06 ,3
09 06 ,3
09 06 ,2
09 06 ,10
09 06 ,9
09 06 ,24
09 06 ,60
09 06 ,71
09 06 ,64
09 06 ,95
09 06 ,102
09 06 ,83
09 06 ,135
09 06 ,69
09 06 ,81
09 06 ,51
09 06 ,53
09 06 ,46
09 06 ,25
09 06 ,25
09 06 ,19
09 06 ,7
09 06 ,7
09 06 ,12
09 07 ,4
09 07 ,3
09 07 ,11
09 07 ,4
09 07 ,12
09 07 ,17
09 07 ,25
09 07 ,32
09 07 ,39
09 07 ,43
09 07 ,38
09 07 ,19
09 07 ,23
09 07 ,19
09 07 ,13
09 07 ,12
09 07 ,22
09 07 ,13
09 07 ,3
09 07 ,19
09 07 ,5
09 07 ,3
09 07 ,2
09 07 ,2
09 08 ,1
09 08 ,1
09 08 ,2
09 08 ,1
09 08 ,5
09 08 ,5
09 08 ,5
09 08 ,11
09 08 ,12
09 08 ,16
09 08 ,11
09 08 ,8
09 08 ,2
09 08 ,6
09 08 ,8
09 08 ,1
09 08 ,3
09 08 ,9
09 08 ,9
09 08 ,5
09 08 ,4
09 08 ,2
09 08 ,3
09 09 ,2
09 09 ,1
09 09 ,6
09 09 ,4
09 09 ,9
09 09 ,14
09 09 ,45
09 09 ,54
09 09 ,58
09 09 ,113
09 09 ,67
09 09 ,83
09 09 ,100
09 09 ,56
09 09 ,70
09 09 ,60
09 09 ,64
09 09 ,37
09 09 ,7
09 09 ,26
09 09 ,5
09 09 ,8
09 09 ,14
09 09 ,9
09 10 ,10
09 10 ,7
09 10 ,7
09 10 ,13
09 10 ,14
09 10 ,16
09 10 ,58
09 10 ,55
09 10 ,60
09 10 ,51
09 10 ,35
09 10 ,54
09 10 ,71
09 10 ,46
09 10 ,81
09 10 ,55
09 10 ,61
09 10 ,33
09 10 ,21
09 10 ,28
09 10 ,20
09 10 ,12
09 10 ,13
09 10 ,11
09 11 ,14
09 11 ,1
09 11 ,4
09 11 ,12
09 11 ,29
09 11 ,23
09 11 ,43
09 11 ,76
09 11 ,55
09 11 ,104
09 11 ,57
09 11 ,81
09 11 ,103
09 11 ,48
09 11 ,87
09 11 ,63
09 11 ,47
09 11 ,32
09 11 ,30
09 11 ,25
09 11 ,15
09 11 ,7
09 11 ,11
09 11 ,11
09 12 ,14
09 12 ,6
09 12 ,9
09 12 ,11
09 12 ,18
09 12 ,26
09 12 ,45
09 12 ,85
09 12 ,71
09 12 ,84
09 12 ,85
09 12 ,104
09 12 ,102
09 12 ,48
09 12 ,79
09 12 ,67
09 12 ,49
09 12 ,13
09 12 ,10
09 12 ,15
09 12 ,16
09 12 ,7
09 12 ,6
09 12 ,4
09 13 ,23
09 13 ,20
09 13 ,21
09 13 ,37
09 13 ,30
09 13 ,13
09 13 ,15
09 13 ,16
09 13 ,12
09 13 ,18
09 13 ,14
09 13 ,15
09 13 ,17
09 13 ,17
09 13 ,9
09 13 ,10
09 13 ,9
09 13 ,5
09 13 ,4
09 13 ,16
09 13 ,8
09 13 ,6
09 13 ,3
09 13 ,1
09 14 ,7
09 14 ,2
09 14 ,14
09 14 ,8
09 14 ,19
09 14 ,5
09 14 ,8
09 14 ,16
09 14 ,7
09 14 ,14
09 14 ,25
09 14 ,23
09 14 ,15
09 14 ,23
09 14 ,18
09 14 ,18
09 14 ,19
09 14 ,6
09 14 ,7
09 14 ,12
09 14 ,9
09 14 ,8
09 14 ,9
09 14 ,1
09 15 ,2
09 15 ,2
09 15 ,12
09 15 ,5
09 15 ,6
09 15 ,3
09 15 ,1
09 15 ,13
09 15 ,13
09 15 ,12
09 15 ,8
09 15 ,8
09 15 ,5
09 15 ,9
09 15 ,3
09 15 ,8
09 15 ,5
09 15 ,7
09 15 ,2
09 15 ,7
09 16 ,1
09 16 ,1
09 16 ,7
09 16 ,8
09 16 ,13
09 16 ,17
09 16 ,38
09 16 ,69
09 16 ,80
09 16 ,109
09 16 ,68
09 16 ,79
09 16 ,85
09 16 ,60
09 16 ,73
09 16 ,52
09 16 ,52
09 16 ,35
09 16 ,20
09 16 ,19
09 16 ,20
09 16 ,15
09 16 ,14
09 16 ,8
09 17 ,7
09 17 ,7
09 17 ,9
09 17 ,14
09 17 ,17
09 17 ,26
09 17 ,46
09 17 ,68
09 17 ,69
09 17 ,95
09 17 ,13
09 17 ,97
09 17 ,101
09 17 ,56
09 17 ,80
09 17 ,83
09 17 ,51
09 17 ,44
09 17 ,25
09 17 ,18
09 17 ,12
09 17 ,17
09 17 ,8
09 17 ,6
09 18 ,3
09 18 ,8
09 18 ,7
09 18 ,8
09 18 ,14
09 18 ,25
09 18 ,48
09 18 ,65
09 18 ,63
09 18 ,98
09 18 ,62
09 18 ,97
09 18 ,111
09 18 ,61
09 18 ,87
09 18 ,75
09 18 ,52
09 18 ,31
09 18 ,19
09 18 ,27
09 18 ,24
09 18 ,9
09 18 ,14
09 18 ,7
09 19 ,6
09 19 ,5
09 19 ,10
09 19 ,13
09 19 ,18
09 19 ,24
09 19 ,45
09 19 ,77
09 19 ,73
09 19 ,96
09 19 ,89
09 19 ,105
09 19 ,98
09 19 ,58
09 19 ,82
09 19 ,66
09 19 ,54
09 19 ,49
09 19 ,20
09 19 ,21
09 19 ,13
09 19 ,7
09 19 ,7
09 19 ,10
09 20 ,5
09 20 ,6
09 20 ,5
09 20 ,16
09 20 ,24
09 20 ,18
09 20 ,47
09 20 ,72
09 20 ,68
09 20 ,115
09 20 ,78
09 20 ,93
09 20 ,110
09 20 ,58
09 20 ,42
09 20 ,51
09 20 ,47
09 20 ,52
09 20 ,10
09 20 ,30
09 20 ,10
09 20 ,10
09 20 ,6
09 20 ,3
09 21 ,2
09 21 ,6
09 21 ,1
09 21 ,7
09 21 ,8
09 21 ,15
09 21 ,21
09 21 ,25
09 21 ,17
09 21 ,41
09 21 ,35
09 21 ,35
09 21 ,32
09 21 ,7
09 21 ,16
09 21 ,19
09 21 ,6
09 21 ,6
09 21 ,5
09 21 ,10
09 21 ,7
09 21 ,7
